3204090510120387,test_perf_100887
3204090510120388,test_perf_100888
3204090510120389,test_perf_100889
3204090510120390,test_perf_100890
3204090510120391,test_perf_100891
3204090510120392,test_perf_100892
3204090510120393,test_perf_100893
3204090510120394,test_perf_100894
3204090510120395,test_perf_100895
3204090510120396,test_perf_100896
3204090510120397,test_perf_100897
3204090510120398,test_perf_100898
3204090510120399,test_perf_100899
3204090510120400,test_perf_100900
3204090510120401,test_perf_100901
3204090510120402,test_perf_100902
3204090510120403,test_perf_100903
3204090510120404,test_perf_100904
3204090510120405,test_perf_100905
3204090510120406,test_perf_100906
3204090510120407,test_perf_100907
3204090510120408,test_perf_100908
3204090510120409,test_perf_100909
3204090510120410,test_perf_100910
3204090510120411,test_perf_100911
3204090510120412,test_perf_100912
3204090510120413,test_perf_100913
3204090510120414,test_perf_100914
3204090510120415,test_perf_100915
3204090510120416,test_perf_100916
3204090510120417,test_perf_100917
3204090510120418,test_perf_100918
3204090510120419,test_perf_100919
3204090510120420,test_perf_100920
3204090510120421,test_perf_100921
3204090510120422,test_perf_100922
3204090510120423,test_perf_100923
3204090510120424,test_perf_100924
3204090510120425,test_perf_100925
3204090510120426,test_perf_100926
3204090510120427,test_perf_100927
3204090510120428,test_perf_100928
3204090510120429,test_perf_100929
3204090510120430,test_perf_100930
3204090510120431,test_perf_100931
3204090510120432,test_perf_100932
3204090510120433,test_perf_100933
3204090510120434,test_perf_100934
3204090510120435,test_perf_100935
3204090510120436,test_perf_100936
3204090510120437,test_perf_100937
3204090510120438,test_perf_100938
3204090510120439,test_perf_100939
3204090510120440,test_perf_100940
3204090510120441,test_perf_100941
3204090510120442,test_perf_100942
3204090510120443,test_perf_100943
3204090510120444,test_perf_100944
3204090510120445,test_perf_100945
3204090510120446,test_perf_100946
3204090510120447,test_perf_100947
3204090510120448,test_perf_100948
3204090510120449,test_perf_100949
3204090510120450,test_perf_100950
3204090510120451,test_perf_100951
3204090510120452,test_perf_100952
3204090510120453,test_perf_100953
3204090510120454,test_perf_100954
3204090510120455,test_perf_100955
3204090510120456,test_perf_100956
3204090510120457,test_perf_100957
3204090510120458,test_perf_100958
3204090510120459,test_perf_100959
3204090510120460,test_perf_100960
3204090510120461,test_perf_100961
3204090510120462,test_perf_100962
3204090510120463,test_perf_100963
3204090510120464,test_perf_100964
3204090510120465,test_perf_100965
3204090510120466,test_perf_100966
3204090510120467,test_perf_100967
3204090510120468,test_perf_100968
3204090510120469,test_perf_100969
3204090510120470,test_perf_100970
3204090510120471,test_perf_100971
3204090510120472,test_perf_100972
3204090510120473,test_perf_100973
3204090510120474,test_perf_100974
3204090510120475,test_perf_100975
3204090510120476,test_perf_100976
3204090510120477,test_perf_100977
3204090510120478,test_perf_100978
3204090510120479,test_perf_100979
3204090510120480,test_perf_100980
3204090510120481,test_perf_100981
3204090510120482,test_perf_100982
3204090510120483,test_perf_100983
3204090510120484,test_perf_100984
3204090510120485,test_perf_100985
3204090510120486,test_perf_100986
3204090510120487,test_perf_100987
3204090510120488,test_perf_100988
3204090510120489,test_perf_100989
3204090510120490,test_perf_100990
3204090510120491,test_perf_100991
3204090510120492,test_perf_100992
3204090510120493,test_perf_100993
3204090510120494,test_perf_100994
3204090510120495,test_perf_100995
3204090510120496,test_perf_100996
3204090510120497,test_perf_100997
3204090510120498,test_perf_100998
3204090510120499,test_perf_100999
3204090510120500,test_perf_101000
3204090510120501,test_perf_101001
3204090510120502,test_perf_101002
3204090510120503,test_perf_101003
3204090510120504,test_perf_101004
3204090510120505,test_perf_101005
3204090510120506,test_perf_101006
3204090510120507,test_perf_101007
3204090510120508,test_perf_101008
3204090510120509,test_perf_101009
3204090510120510,test_perf_101010
3204090510120511,test_perf_101011
3204090510120512,test_perf_101012
3204090510120513,test_perf_101013
3204090510120514,test_perf_101014
3204090510120515,test_perf_101015
3204090510120516,test_perf_101016
3204090510120517,test_perf_101017
3204090510120518,test_perf_101018
3204090510120519,test_perf_101019
3204090510120520,test_perf_101020
3204090510120521,test_perf_101021
3204090510120522,test_perf_101022
3204090510120523,test_perf_101023
3204090510120524,test_perf_101024
3204090510120525,test_perf_101025
3204090510120526,test_perf_101026
3204090510120527,test_perf_101027
3204090510120528,test_perf_101028
3204090510120529,test_perf_101029
3204090510120530,test_perf_101030
3204090510120531,test_perf_101031
3204090510120532,test_perf_101032
3204090510120533,test_perf_101033
3204090510120534,test_perf_101034
3204090510120535,test_perf_101035
3204090510120536,test_perf_101036
3204090510120537,test_perf_101037
3204090510120538,test_perf_101038
3204090510120539,test_perf_101039
3204090510120540,test_perf_101040
3204090510120541,test_perf_101041
3204090510120542,test_perf_101042
3204090510120543,test_perf_101043
3204090510120544,test_perf_101044
3204090510120545,test_perf_101045
3204090510120546,test_perf_101046
3204090510120547,test_perf_101047
3204090510120548,test_perf_101048
3204090510120549,test_perf_101049
3204090510120550,test_perf_101050
3204090510120551,test_perf_101051
3204090510120552,test_perf_101052
3204090510120553,test_perf_101053
3204090510120554,test_perf_101054
3204090510120555,test_perf_101055
3204090510120556,test_perf_101056
3204090510120557,test_perf_101057
3204090510120558,test_perf_101058
3204090510120559,test_perf_101059
3204090510120560,test_perf_101060
3204090510120561,test_perf_101061
3204090510120562,test_perf_101062
3204090510120563,test_perf_101063
3204090510120564,test_perf_101064
3204090510120565,test_perf_101065
3204090510120566,test_perf_101066
3204090510120567,test_perf_101067
3204090510120568,test_perf_101068
3204090510120569,test_perf_101069
3204090510120570,test_perf_101070
3204090510120571,test_perf_101071
3204090510120572,test_perf_101072
3204090510120573,test_perf_101073
3204090510120574,test_perf_101074
3204090510120575,test_perf_101075
3204090510120576,test_perf_101076
3204090510120577,test_perf_101077
3204090510120578,test_perf_101078
3204090510120579,test_perf_101079
3204090510120580,test_perf_101080
3204090510120581,test_perf_101081
3204090510120582,test_perf_101082
3204090510120583,test_perf_101083
3204090510120584,test_perf_101084
3204090510120585,test_perf_101085
3204090510120586,test_perf_101086
3204090510120587,test_perf_101087
3204090510120588,test_perf_101088
3204090510120589,test_perf_101089
3204090510120590,test_perf_101090
3204090510120591,test_perf_101091
3204090510120592,test_perf_101092
3204090510120593,test_perf_101093
3204090510120594,test_perf_101094
3204090510120595,test_perf_101095
3204090510120596,test_perf_101096
3204090510120597,test_perf_101097
3204090510120598,test_perf_101098
3204090510120599,test_perf_101099
3204090510120600,test_perf_101100
3204090510120601,test_perf_101101
3204090510120602,test_perf_101102
3204090510120603,test_perf_101103
3204090510120604,test_perf_101104
3204090510120605,test_perf_101105
3204090510120606,test_perf_101106
3204090510120607,test_perf_101107
3204090510120608,test_perf_101108
3204090510120609,test_perf_101109
3204090510120610,test_perf_101110
3204090510120611,test_perf_101111
3204090510120612,test_perf_101112
3204090510120613,test_perf_101113
3204090510120614,test_perf_101114
3204090510120615,test_perf_101115
3204090510120616,test_perf_101116
3204090510120617,test_perf_101117
3204090510120618,test_perf_101118
3204090510120619,test_perf_101119
3204090510120620,test_perf_101120
3204090510120621,test_perf_101121
3204090510120622,test_perf_101122
3204090510120623,test_perf_101123
3204090510120624,test_perf_101124
3204090510120625,test_perf_101125
3204090510120626,test_perf_101126
3204090510120627,test_perf_101127
3204090510120628,test_perf_101128
3204090510120629,test_perf_101129
3204090510120630,test_perf_101130
3204090510120631,test_perf_101131
3204090510120632,test_perf_101132
3204090510120633,test_perf_101133
3204090510120634,test_perf_101134
3204090510120635,test_perf_101135
3204090510120636,test_perf_101136
3204090510120637,test_perf_101137
3204090510120638,test_perf_101138
3204090510120639,test_perf_101139
3204090510120640,test_perf_101140
3204090510120641,test_perf_101141
3204090510120642,test_perf_101142
3204090510120643,test_perf_101143
3204090510120644,test_perf_101144
3204090510120645,test_perf_101145
3204090510120646,test_perf_101146
3204090510120647,test_perf_101147
3204090510120648,test_perf_101148
3204090510120649,test_perf_101149
3204090510120650,test_perf_101150
3204090510120651,test_perf_101151
3204090510120652,test_perf_101152
3204090510120653,test_perf_101153
3204090510120654,test_perf_101154
3204090510120655,test_perf_101155
3204090510120656,test_perf_101156
3204090510120657,test_perf_101157
3204090510120658,test_perf_101158
3204090510120659,test_perf_101159
3204090510120660,test_perf_101160
3204090510120661,test_perf_101161
3204090510120662,test_perf_101162
3204090510120663,test_perf_101163
3204090510120664,test_perf_101164
3204090510120665,test_perf_101165
3204090510120666,test_perf_101166
3204090510120667,test_perf_101167
3204090510120668,test_perf_101168
3204090510120669,test_perf_101169
3204090510120670,test_perf_101170
3204090510120671,test_perf_101171
3204090510120672,test_perf_101172
3204090510120673,test_perf_101173
3204090510120674,test_perf_101174
3204090510120675,test_perf_101175
3204090510120676,test_perf_101176
3204090510120677,test_perf_101177
3204090510120678,test_perf_101178
3204090510120679,test_perf_101179
3204090510120680,test_perf_101180
3204090510120681,test_perf_101181
3204090510120682,test_perf_101182
3204090510120683,test_perf_101183
3204090510120684,test_perf_101184
3204090510120685,test_perf_101185
3204090510120686,test_perf_101186
3204090510120687,test_perf_101187
3204090510120688,test_perf_101188
3204090510120689,test_perf_101189
3204090510120690,test_perf_101190
3204090510120691,test_perf_101191
3204090510120692,test_perf_101192
3204090510120693,test_perf_101193
3204090510120694,test_perf_101194
3204090510120695,test_perf_101195
3204090510120696,test_perf_101196
3204090510120697,test_perf_101197
3204090510120698,test_perf_101198
3204090510120699,test_perf_101199
3204090510120700,test_perf_101200
3204090510120701,test_perf_101201
3204090510120702,test_perf_101202
3204090510120703,test_perf_101203
3204090510120704,test_perf_101204
3204090510120705,test_perf_101205
3204090510120706,test_perf_101206
3204090510120707,test_perf_101207
3204090510120708,test_perf_101208
3204090510120709,test_perf_101209
3204090510120710,test_perf_101210
3204090510120711,test_perf_101211
3204090510120712,test_perf_101212
3204090510120713,test_perf_101213
3204090510120714,test_perf_101214
3204090510120715,test_perf_101215
3204090510120716,test_perf_101216
3204090510120717,test_perf_101217
3204090510120718,test_perf_101218
3204090510120719,test_perf_101219
3204090510120720,test_perf_101220
3204090510120721,test_perf_101221
3204090510120722,test_perf_101222
3204090510120723,test_perf_101223
3204090510120724,test_perf_101224
3204090510120725,test_perf_101225
3204090510120726,test_perf_101226
3204090510120727,test_perf_101227
3204090510120728,test_perf_101228
3204090510120729,test_perf_101229
3204090510120730,test_perf_101230
3204090510120731,test_perf_101231
3204090510120732,test_perf_101232
3204090510120733,test_perf_101233
3204090510120734,test_perf_101234
3204090510120735,test_perf_101235
3204090510120736,test_perf_101236
3204090510120737,test_perf_101237
3204090510120738,test_perf_101238
3204090510120739,test_perf_101239
3204090510120740,test_perf_101240
3204090510120741,test_perf_101241
3204090510120742,test_perf_101242
3204090510120743,test_perf_101243
3204090510120744,test_perf_101244
3204090510120745,test_perf_101245
3204090510120746,test_perf_101246
3204090510120747,test_perf_101247
3204090510120748,test_perf_101248
3204090510120749,test_perf_101249
3204090510120750,test_perf_101250
3204090510120751,test_perf_101251
3204090510120752,test_perf_101252
3204090510120753,test_perf_101253
3204090510120754,test_perf_101254
3204090510120755,test_perf_101255
3204090510120756,test_perf_101256
3204090510120757,test_perf_101257
3204090510120758,test_perf_101258
3204090510120759,test_perf_101259
3204090510120760,test_perf_101260
3204090510120761,test_perf_101261
3204090510120762,test_perf_101262
3204090510120763,test_perf_101263
3204090510120764,test_perf_101264
3204090510120765,test_perf_101265
3204090510120766,test_perf_101266
3204090510120767,test_perf_101267
3204090510120768,test_perf_101268
3204090510120769,test_perf_101269
3204090510120770,test_perf_101270
3204090510120771,test_perf_101271
3204090510120772,test_perf_101272
3204090510120773,test_perf_101273
3204090510120774,test_perf_101274
3204090510120775,test_perf_101275
3204090510120776,test_perf_101276
3204090510120777,test_perf_101277
3204090510120778,test_perf_101278
3204090510120779,test_perf_101279
3204090510120780,test_perf_101280
3204090510120781,test_perf_101281
3204090510120782,test_perf_101282
3204090510120783,test_perf_101283
3204090510120784,test_perf_101284
3204090510120785,test_perf_101285
3204090510120786,test_perf_101286
3204090510120787,test_perf_101287
3204090510120788,test_perf_101288
3204090510120789,test_perf_101289
3204090510120790,test_perf_101290
3204090510120791,test_perf_101291
3204090510120792,test_perf_101292
3204090510120793,test_perf_101293
3204090510120794,test_perf_101294
3204090510120795,test_perf_101295
3204090510120796,test_perf_101296
3204090510120797,test_perf_101297
3204090510120798,test_perf_101298
3204090510120799,test_perf_101299
3204090510120800,test_perf_101300
3204090510120801,test_perf_101301
3204090510120802,test_perf_101302
3204090510120803,test_perf_101303
3204090510120804,test_perf_101304
3204090510120805,test_perf_101305
3204090510120806,test_perf_101306
3204090510120807,test_perf_101307
3204090510120808,test_perf_101308
3204090510120809,test_perf_101309
3204090510120810,test_perf_101310
3204090510120811,test_perf_101311
3204090510120812,test_perf_101312
3204090510120813,test_perf_101313
3204090510120814,test_perf_101314
3204090510120815,test_perf_101315
3204090510120816,test_perf_101316
3204090510120817,test_perf_101317
3204090510120818,test_perf_101318
3204090510120819,test_perf_101319
3204090510120820,test_perf_101320
3204090510120821,test_perf_101321
3204090510120822,test_perf_101322
3204090510120823,test_perf_101323
3204090510120824,test_perf_101324
3204090510120825,test_perf_101325
3204090510120826,test_perf_101326
3204090510120827,test_perf_101327
3204090510120828,test_perf_101328
3204090510120829,test_perf_101329
3204090510120830,test_perf_101330
3204090510120831,test_perf_101331
3204090510120832,test_perf_101332
3204090510120833,test_perf_101333
3204090510120834,test_perf_101334
3204090510120835,test_perf_101335
3204090510120836,test_perf_101336
3204090510120837,test_perf_101337
3204090510120838,test_perf_101338
3204090510120839,test_perf_101339
3204090510120840,test_perf_101340
3204090510120841,test_perf_101341
3204090510120842,test_perf_101342
3204090510120843,test_perf_101343
3204090510120844,test_perf_101344
3204090510120845,test_perf_101345
3204090510120846,test_perf_101346
3204090510120847,test_perf_101347
3204090510120848,test_perf_101348
3204090510120849,test_perf_101349
3204090510120850,test_perf_101350
3204090510120851,test_perf_101351
3204090510120852,test_perf_101352
3204090510120853,test_perf_101353
3204090510120854,test_perf_101354
3204090510120855,test_perf_101355
3204090510120856,test_perf_101356
3204090510120857,test_perf_101357
3204090510120858,test_perf_101358
3204090510120859,test_perf_101359
3204090510120860,test_perf_101360
3204090510120861,test_perf_101361
3204090510120862,test_perf_101362
3204090510120863,test_perf_101363
3204090510120864,test_perf_101364
3204090510120865,test_perf_101365
3204090510120866,test_perf_101366
3204090510120867,test_perf_101367
3204090510120868,test_perf_101368
3204090510120869,test_perf_101369
3204090510120870,test_perf_101370
3204090510120871,test_perf_101371
3204090510120872,test_perf_101372
3204090510120873,test_perf_101373
3204090510120874,test_perf_101374
3204090510120875,test_perf_101375
3204090510120876,test_perf_101376
3204090510120877,test_perf_101377
3204090510120878,test_perf_101378
3204090510120879,test_perf_101379
3204090510120880,test_perf_101380
3204090510120881,test_perf_101381
3204090510120882,test_perf_101382
3204090510120883,test_perf_101383
3204090510120884,test_perf_101384
3204090510120885,test_perf_101385
3204090510120886,test_perf_101386
3204090510120887,test_perf_101387
3204090510120888,test_perf_101388
3204090510120889,test_perf_101389
3204090510120890,test_perf_101390
3204090510120891,test_perf_101391
3204090510120892,test_perf_101392
3204090510120893,test_perf_101393
3204090510120894,test_perf_101394
3204090510120895,test_perf_101395
3204090510120896,test_perf_101396
3204090510120897,test_perf_101397
3204090510120898,test_perf_101398
3204090510120899,test_perf_101399
3204090510120900,test_perf_101400
3204090510120901,test_perf_101401
3204090510120902,test_perf_101402
3204090510120903,test_perf_101403
3204090510120904,test_perf_101404
3204090510120905,test_perf_101405
3204090510120906,test_perf_101406
3204090510120907,test_perf_101407
3204090510120908,test_perf_101408
3204090510120909,test_perf_101409
3204090510120910,test_perf_101410
3204090510120911,test_perf_101411
3204090510120912,test_perf_101412
3204090510120913,test_perf_101413
3204090510120914,test_perf_101414
3204090510120915,test_perf_101415
3204090510120916,test_perf_101416
3204090510120917,test_perf_101417
3204090510120918,test_perf_101418
3204090510120919,test_perf_101419
3204090510120920,test_perf_101420
3204090510120921,test_perf_101421
3204090510120922,test_perf_101422
3204090510120923,test_perf_101423
3204090510120924,test_perf_101424
3204090510120925,test_perf_101425
3204090510120926,test_perf_101426
3204090510120927,test_perf_101427
3204090510120928,test_perf_101428
3204090510120929,test_perf_101429
3204090510120930,test_perf_101430
3204090510120931,test_perf_101431
3204090510120932,test_perf_101432
3204090510120933,test_perf_101433
3204090510120934,test_perf_101434
3204090510120935,test_perf_101435
3204090510120936,test_perf_101436
3204090510120937,test_perf_101437
3204090510120938,test_perf_101438
3204090510120939,test_perf_101439
3204090510120940,test_perf_101440
3204090510120941,test_perf_101441
3204090510120942,test_perf_101442
3204090510120943,test_perf_101443
3204090510120944,test_perf_101444
3204090510120945,test_perf_101445
3204090510120946,test_perf_101446
3204090510120947,test_perf_101447
3204090510120948,test_perf_101448
3204090510120949,test_perf_101449
3204090510120950,test_perf_101450
3204090510120951,test_perf_101451
3204090510120952,test_perf_101452
3204090510120953,test_perf_101453
3204090510120954,test_perf_101454
3204090510120955,test_perf_101455
3204090510120956,test_perf_101456
3204090510120957,test_perf_101457
3204090510120958,test_perf_101458
3204090510120959,test_perf_101459
3204090510120960,test_perf_101460
3204090510120961,test_perf_101461
3204090510120962,test_perf_101462
3204090510120963,test_perf_101463
3204090510120964,test_perf_101464
3204090510120965,test_perf_101465
3204090510120966,test_perf_101466
3204090510120967,test_perf_101467
3204090510120968,test_perf_101468
3204090510120969,test_perf_101469
3204090510120970,test_perf_101470
3204090510120971,test_perf_101471
3204090510120972,test_perf_101472
3204090510120973,test_perf_101473
3204090510120974,test_perf_101474
3204090510120975,test_perf_101475
3204090510120976,test_perf_101476
3204090510120977,test_perf_101477
3204090510120978,test_perf_101478
3204090510120979,test_perf_101479
3204090510120980,test_perf_101480
3204090510120981,test_perf_101481
3204090510120982,test_perf_101482
3204090510120983,test_perf_101483
3204090510120984,test_perf_101484
3204090510120985,test_perf_101485
3204090510120986,test_perf_101486
3204090510120987,test_perf_101487
3204090510120988,test_perf_101488
3204090510120989,test_perf_101489
3204090510120990,test_perf_101490
3204090510120991,test_perf_101491
3204090510120992,test_perf_101492
3204090510120993,test_perf_101493
3204090510120994,test_perf_101494
3204090510120995,test_perf_101495
3204090510120996,test_perf_101496
3204090510120997,test_perf_101497
3204090510120998,test_perf_101498
3204090510120999,test_perf_101499
3204090510121000,test_perf_101500
3204090510121001,test_perf_101501
3204090510121002,test_perf_101502
3204090510121003,test_perf_101503
3204090510121004,test_perf_101504
3204090510121005,test_perf_101505
3204090510121006,test_perf_101506
3204090510121007,test_perf_101507
3204090510121008,test_perf_101508
3204090510121009,test_perf_101509
3204090510121010,test_perf_101510
3204090510121011,test_perf_101511
3204090510121012,test_perf_101512
3204090510121013,test_perf_101513
3204090510121014,test_perf_101514
3204090510121015,test_perf_101515
3204090510121016,test_perf_101516
3204090510121017,test_perf_101517
3204090510121018,test_perf_101518
3204090510121019,test_perf_101519
3204090510121020,test_perf_101520
3204090510121021,test_perf_101521
3204090510121022,test_perf_101522
3204090510121023,test_perf_101523
3204090510121024,test_perf_101524
3204090510121025,test_perf_101525
3204090510121026,test_perf_101526
3204090510121027,test_perf_101527
3204090510121028,test_perf_101528
3204090510121029,test_perf_101529
3204090510121030,test_perf_101530
3204090510121031,test_perf_101531
3204090510121032,test_perf_101532
3204090510121033,test_perf_101533
3204090510121034,test_perf_101534
3204090510121035,test_perf_101535
3204090510121036,test_perf_101536
3204090510121037,test_perf_101537
3204090510121038,test_perf_101538
3204090510121039,test_perf_101539
3204090510121040,test_perf_101540
3204090510121041,test_perf_101541
3204090510121042,test_perf_101542
3204090510121043,test_perf_101543
3204090510121044,test_perf_101544
3204090510121045,test_perf_101545
3204090510121046,test_perf_101546
3204090510121047,test_perf_101547
3204090510121048,test_perf_101548
3204090510121049,test_perf_101549
3204090510121050,test_perf_101550
3204090510121051,test_perf_101551
3204090510121052,test_perf_101552
3204090510121053,test_perf_101553
3204090510121054,test_perf_101554
3204090510121055,test_perf_101555
3204090510121056,test_perf_101556
3204090510121057,test_perf_101557
3204090510121058,test_perf_101558
3204090510121059,test_perf_101559
3204090510121060,test_perf_101560
3204090510121061,test_perf_101561
3204090510121062,test_perf_101562
3204090510121063,test_perf_101563
3204090510121064,test_perf_101564
3204090510121065,test_perf_101565
3204090510121066,test_perf_101566
3204090510121067,test_perf_101567
3204090510121068,test_perf_101568
3204090510121069,test_perf_101569
3204090510121070,test_perf_101570
3204090510121071,test_perf_101571
3204090510121072,test_perf_101572
3204090510121073,test_perf_101573
3204090510121074,test_perf_101574
3204090510121075,test_perf_101575
3204090510121076,test_perf_101576
3204090510121077,test_perf_101577
3204090510121078,test_perf_101578
3204090510121079,test_perf_101579
3204090510121080,test_perf_101580
3204090510121081,test_perf_101581
3204090510121082,test_perf_101582
3204090510121083,test_perf_101583
3204090510121084,test_perf_101584
3204090510121085,test_perf_101585
3204090510121086,test_perf_101586
3204090510121087,test_perf_101587
3204090510121088,test_perf_101588
3204090510121089,test_perf_101589
3204090510121090,test_perf_101590
3204090510121091,test_perf_101591
3204090510121092,test_perf_101592
3204090510121093,test_perf_101593
3204090510121094,test_perf_101594
3204090510121095,test_perf_101595
3204090510121096,test_perf_101596
3204090510121097,test_perf_101597
3204090510121098,test_perf_101598
3204090510121099,test_perf_101599
3204090510121100,test_perf_101600
3204090510121101,test_perf_101601
3204090510121102,test_perf_101602
3204090510121103,test_perf_101603
3204090510121104,test_perf_101604
3204090510121105,test_perf_101605
3204090510121106,test_perf_101606
3204090510121107,test_perf_101607
3204090510121108,test_perf_101608
3204090510121109,test_perf_101609
3204090510121110,test_perf_101610
3204090510121111,test_perf_101611
3204090510121112,test_perf_101612
3204090510121113,test_perf_101613
3204090510121114,test_perf_101614
3204090510121115,test_perf_101615
3204090510121116,test_perf_101616
3204090510121117,test_perf_101617
3204090510121118,test_perf_101618
3204090510121119,test_perf_101619
3204090510121120,test_perf_101620
3204090510121121,test_perf_101621
