Application ID,Application Name,Application Package Name,Icon,Received,Send,Total,Install Time Millis,Last Updated Millis
"10367","Pembaruan software","com.sec.android.fotaclient","android.graphics.drawable.BitmapDrawable@44a23878","0.0011949539184570302","0.00297927856445312","0.004174232482910161","4160114000","1512810918000"
"10230","Skype","com.skype.raider","android.graphics.drawable.BitmapDrawable@24d92bb3","0.0458621978759766","0.00470733642578125","0.0505695343017578","1444478394000","1531554646640"
"10138","Radio FM","com.android.fmradio","android.graphics.drawable.BitmapDrawable@23c44227","0.0","0.0","0.0","1471631534000","1517831915774"
"10676","Theme Store","com.samsung.android.themestore","android.graphics.drawable.BitmapDrawable@9f585bb","0.0","0.0","0.0","1470492780000","1474600963000"
"10889","TouchPal Vietnam Pack","com.cootek.smartinputv5.language.vietnam","android.graphics.drawable.BitmapDrawable@20588163","0.0","0.0","0.0","1479552730000","1492944478000"
"10190","SampleExtAuthService","com.qualcomm.qti.auth.sampleextauthservice","android.graphics.drawable.BitmapDrawable@801fcd4","-9.536743164e-07","-9.536743164e-07","-1.9073486328e-06","1230739200000","1438416125000"
"10525","RootPA","com.gd.mobicore.pa","android.graphics.drawable.BitmapDrawable@b8e65c4","-9.536743164e-07","-9.536743164e-07","-1.9073486328e-06","1230739200000","1533890467000"
"10616","com.android.cts.priv.ctsshim","com.android.cts.priv.ctsshim","android.graphics.drawable.BitmapDrawable@5f8d0c7","-9.536743164e-07","-9.536743164e-07","-1.9073486328e-06","1496935623000","1230739200000"
"10590","Telepon","com.android.phone","android.graphics.drawable.BitmapDrawable@43935ba0","0.0","0.0","0.0","1390813593000","1482920946000"
"10625","SdcardBoot","com.oppo.sdcardboot","android.graphics.drawable.BitmapDrawable@14f321e9","0.699901580810547","0.219123840332031","0.919025421142578","1512810918000","1523006838252"
"10826","Skype","com.skype.raider","android.graphics.drawable.BitmapDrawable@e015a9a","-9.536743164e-07","-9.536743164e-07","-1.9073486328e-06","1524397858164","1230739200000"
"10755","Rekam Layar","com.miui.screenrecorder","android.graphics.drawable.BitmapDrawable@d7a3e75","-9.536743164e-07","-9.536743164e-07","-1.9073486328e-06","1230739200000","1443848714000"
"10998","Plants Vs Zombies 2","com.ea.game.pvz2_row","android.graphics.drawable.BitmapDrawable@557ed13","-9.536743164e-07","-9.536743164e-07","-1.9073486328e-06","1531554646640","1230739200000"
"10316","SampleExtAuthService","com.qualcomm.qti.auth.sampleextauthservice","android.graphics.drawable.BitmapDrawable@527c83a","-9.536743164e-07","-9.536743164e-07","-1.9073486328e-06","1230739200000","1230739200000"
"10565","Finder","com.samsung.android.app.galaxyfinder","android.graphics.drawable.BitmapDrawable@fa189fc","-9.536743164e-07","-9.536743164e-07","-1.9073486328e-06","1230735600000","1230739200000"
"10486","RootPA","com.gd.mobicore.pa","android.graphics.drawable.BitmapDrawable@327c85d","-9.536743164e-07","-9.536743164e-07","-1.9073486328e-06","1230735600000","1230739200000"
"10766","Video screen saver","com.oppo.daydreamvideo","android.graphics.drawable.BitmapDrawable@dfbe4f6","0.0","0.0","0.0","1491935407000","1230739200000"
"10807","Kunci Layar Satu Ketuk","com.coloros.onekeylockscreen","android.graphics.drawable.BitmapDrawable@54b3ab5","-9.536743164e-07","-9.536743164e-07","-1.9073486328e-06","1533890467000","1512124441000"
"10883","SampleExtAuthService","com.qualcomm.qti.auth.sampleextauthservice","android.graphics.drawable.AdaptiveIconDrawable@13b5bb3","-9.536743164e-07","-9.536743164e-07","-1.9073486328e-06","1230739200000","1498291009000"
"10209","SampleExtAuthService","com.qualcomm.qti.auth.sampleextauthservice","android.graphics.drawable.BitmapDrawable@b67c6c1","0.0","0.0","0.0","1230739200000","1230739200000"
"10515","Penyimpanan Ponsel/Pesan","com.android.providers.telephony","android.graphics.drawable.BitmapDrawable@bbb6e72","0.0","0.0","0.0","1474600963000","1451653302000"
"10255","Gaple","com.paragisoft.gaple","android.graphics.drawable.BitmapDrawable@e0f8fd0","0.0","0.0","0.0","1516288309281","1505986442000"
"10675","TouchPal Indonesian Pack","com.cootek.smartinputv5.language.indonesian","android.graphics.drawable.BitmapDrawable@28304c08","0.0","0.0","0.0","1468836717000","1230739200000"
"10107","Penyimpanan Media","com.android.providers.media","android.graphics.drawable.BitmapDrawable@a067fb2","0.00119400024414062","0.00214767456054688","0.0033416748046875","1461136133000","1230739200000"
"10559","Penyimpanan Ponsel/Pesan","com.android.providers.telephony","android.graphics.drawable.BitmapDrawable@62b0e2f","0.0","0.0","0.0","1230739200000","1480988135370"
"10794","WhatsApp Business","com.whatsapp.w4b","android.graphics.drawable.BitmapDrawable@528b088","-9.536743164e-07","-9.536743164e-07","-1.9073486328e-06","1544170647191","1479552738000"
"10031","Penghemat baterai","com.miui.powerkeeper","android.graphics.drawable.BitmapDrawable@862473f","0.0468053817749023","0.0364761352539062","0.0832815170288086","1478583544000","1230739200000"
"10194","com.android.cts.priv.ctsshim","com.android.cts.priv.ctsshim","android.graphics.drawable.BitmapDrawable@4ec3997","-9.536743164e-07","-9.536743164e-07","-1.9073486328e-06","1230735600000","1230739200000"
"10672","Automation Test","com.sec.android.app.DataCreate","android.graphics.drawable.BitmapDrawable@2c170455","0.0","0.0","0.0","1482920946000","1230739200000"
"10136","EasyOneHand","com.sec.android.easyonehand","android.graphics.drawable.BitmapDrawable@d138f5e","0.0","0.0","0.0","1505986442000","1523450926000"
"10737","Provisioning message","com.huawei.omacp","android.graphics.drawable.BitmapDrawable@62118b9","-9.536743164e-07","-9.536743164e-07","-1.9073486328e-06","1519102518000","1523450926000"
"10258","Pegadaian Digital","com.pegadaiandigital","android.graphics.drawable.BitmapDrawable@8027438","-9.536743164e-07","-9.536743164e-07","-1.9073486328e-06","1547122958726","1230739200000"
"10612","Penyimpanan kalender","com.android.providers.calendar","android.graphics.drawable.BitmapDrawable@f12e557","-9.536743164e-07","-9.536743164e-07","-1.9073486328e-06","1230739200000","1230739200000"
"2000","com.qualcomm.timeservice","com.qualcomm.timeservice","android.graphics.drawable.AdaptiveIconDrawable@58931b","-9.536743164e-07","-9.536743164e-07","-1.9073486328e-06","1230739200000","1230739200000"
"10521","com.android.cts.ctsshim","com.android.cts.ctsshim","android.graphics.drawable.BitmapDrawable@bf9b58d","-9.536743164e-07","-9.536743164e-07","-1.9073486328e-06","1230739200000","1230739200000"
"10385","Penyimpanan Media","com.android.providers.media","android.graphics.drawable.BitmapDrawable@f6cb742","-9.536743164e-07","-9.536743164e-07","-1.9073486328e-06","1230739200000","1390813593000"
"10940","Emergency information","com.android.emergency","android.graphics.drawable.BitmapDrawable@f924cf3","-9.536743164e-07","-9.536743164e-07","-1.9073486328e-06","1512124441000","1230739200000"
"10674","Factory test","com.iqoo.engineermode","android.graphics.drawable.AdaptiveIconDrawable@5e0112b","-9.536743164e-07","-9.536743164e-07","-1.9073486328e-06","1230739200000","1230739200000"
"10356","Software update","com.wssyncmldm","android.graphics.drawable.BitmapDrawable@778497","-9.536743164e-07","-9.536743164e-07","-1.9073486328e-06","1230735600000","1488792652000"
"10298","Sistem Android","android","android.graphics.drawable.BitmapDrawable@58cfe08","0.0","0.0","0.0","1474600963000","1230739200000"
"10798","Bluetooth MIDI Service","com.android.bluetoothmidiservice","android.graphics.drawable.BitmapDrawable@2ab3b7d","0.0","0.0","0.0","1525752064000","1230739200000"
"10189","Pelayanan DLNA","com.android.dlna.service","android.graphics.drawable.BitmapDrawable@79cdb9a","-9.536743164e-07","-9.536743164e-07","-1.9073486328e-06","1535514871000","1230735600000"
"10557","CoolEUKor","com.monotype.android.font.cooljazz","android.graphics.drawable.BitmapDrawable@af71ba8","-9.536743164e-07","-9.536743164e-07","-1.9073486328e-06","1484185417000","1537717850393"
"10568","Telepon","com.android.incallui","android.graphics.drawable.BitmapDrawable@7498193","-9.536743164e-07","-9.536743164e-07","-1.9073486328e-06","1230739200000","1230739200000"
"10510","YouTube","com.google.android.youtube","android.graphics.drawable.AdaptiveIconDrawable@fac74c3","-9.536743164e-07","-9.536743164e-07","-1.9073486328e-06","1230739200000","1554218990000"
"10578","SampleExtAuthService","com.qualcomm.qti.auth.sampleextauthservice","android.graphics.drawable.AdaptiveIconDrawable@d73d2d0","-9.536743164e-07","-9.536743164e-07","-1.9073486328e-06","1230739200000","1528078475444"
"10465","RootPA","com.gd.mobicore.pa","android.graphics.drawable.BitmapDrawable@4f36076","-9.536743164e-07","-9.536743164e-07","0.0","1562264739000","1471631534000"
"10497","Perfdump","com.qualcomm.qti.perfdump","android.graphics.drawable.BitmapDrawable@1fd307c","-9.536743164e-07","-9.536743164e-07","-1.9073486328e-06","1230739200000","1516288309281"
"10848","YouTube","com.google.android.youtube","android.graphics.drawable.BitmapDrawable@ec70e48","-9.536743164e-07","-9.536743164e-07","-1.9073486328e-06","1554218990000","1519102518000"
"10585","Galaxy Essentials Widget","com.sec.android.widgetapp.samsungapps","android.graphics.drawable.BitmapDrawable@bc90cc6","-9.536743164e-07","-9.536743164e-07","-1.9073486328e-06","1230735600000","1498741791000"
"10541","Penyimpanan panggilan telepon/SMS","com.android.providers.telephony","android.graphics.drawable.BitmapDrawable@2eacb6e3","0.0","0.0","0.0","1468764606000","1230739200000"
"10022","Penghemat baterai","com.miui.powerkeeper","android.graphics.drawable.BitmapDrawable@792b05a","0.0","0.0","0.0","1498291009000","1535514871000"
"10179","Antrian Paspor","id.go.imigrasi","android.graphics.drawable.BitmapDrawable@20357d5","0.0","0.0","0.0","1521176709249","1230735600000"
"10279","GO-JEK","com.gojek.app","android.graphics.drawable.BitmapDrawable@44dee938","4.29141044616699","1.4731302261352501","5.76454067230225","1517831915774","1230739200000"
"10718","Sing Download","lvstudio.smule.singdownloader","android.graphics.drawable.BitmapDrawable@deaa6ac","0.0","0.0","0.0","1480988135370","1230735600000"
"1000","Cadang & Pulih","com.coloros.backuprestore","android.graphics.drawable.BitmapDrawable@2d92010","-9.536743164e-07","-9.536743164e-07","-1.9073486328e-06","1230739200000","1230739200000"
"10286","Podcast","com.miui.fm","android.graphics.drawable.BitmapDrawable@68053dd","0.0","0.0","0.0","1498741791000","1230735600000"
"10064","SdcardBoot","com.oppo.sdcardboot","android.graphics.drawable.BitmapDrawable@7133ccc","4.62990951538086","0.273577690124512","4.90348720550537","1495451607000","1230739200000"
"10647","YouTube","com.google.android.youtube","android.graphics.drawable.BitmapDrawable@4b887b3","-9.536743164e-07","-9.536743164e-07","-1.9073486328e-06","1230739200000","1478583544000"
"10316","Baterai dan performa","com.miui.powerkeeper","android.graphics.drawable.BitmapDrawable@60d4be1","-9.536743164e-07","-9.536743164e-07","-1.9073486328e-06","1230739200000","1495451607000"
"10096","Aplikasi Google","com.google.android.googlequicksearchbox","android.graphics.drawable.BitmapDrawable@e4ef527","0.0","0.0","0.0","1488792652000","1230739200000"
"10616","YouTube","com.google.android.youtube","android.graphics.drawable.BitmapDrawable@6e4498c","-9.536743164e-07","-9.536743164e-07","-1.9073486328e-06","1230739200000","1496935623000"
"10211","YouTube","com.google.android.youtube","android.graphics.drawable.BitmapDrawable@2b9f2f0","0.0165824890136719","0.0126886367797852","0.029271125793457","1507455865000","1507455865000"
"10003","Google","com.google.android.googlequicksearchbox","android.graphics.drawable.BitmapDrawable@523a166","-9.536743164e-07","-9.536743164e-07","-1.9073486328e-06","1230739200000","1470492780000"
"10197","YouTube","com.google.android.youtube","android.graphics.drawable.BitmapDrawable@d022b8f","0.0","0.0","0.0","1492699542000","1230739200000"
"10224","Google Pencari","android.googleSearch.googleSearchWidget","android.graphics.drawable.BitmapDrawable@4546ce60","-9.536743164e-07","-9.536743164e-07","-1.9073486328e-06","1481096599000","1555253041238"
"10626","YouTube","com.google.android.youtube","android.graphics.drawable.BitmapDrawable@a83d884","-9.536743164e-07","-9.536743164e-07","-1.9073486328e-06","1230739200000","4160114000"
"10282","Galaxy Essentials Widget","com.sec.android.widgetapp.samsungapps","android.graphics.drawable.BitmapDrawable@cd34e80","0.0","0.0","0.0","1438416125000","1468836717000"
"10412","Automation Test","com.sec.android.app.DataCreate","android.graphics.drawable.BitmapDrawable@d068ed5","-9.536743164e-07","-9.536743164e-07","-1.9073486328e-06","1461731632000","1230739200000"
"10780","YouTube","com.google.android.youtube","android.graphics.drawable.BitmapDrawable@178d63b","0.0","0.0","0.0","1479331981000","1525752064000"
"10193","com.android.cts.priv.ctsshim","com.android.cts.priv.ctsshim","android.graphics.drawable.BitmapDrawable@c790ceb","-9.536743164e-07","-9.536743164e-07","-1.9073486328e-06","1230739200000","1481096599000"
"10985","com.android.cts.priv.ctsshim","com.android.cts.priv.ctsshim","android.graphics.drawable.BitmapDrawable@3f370f9","-9.536743164e-07","-9.536743164e-07","-1.9073486328e-06","1230739200000","1474600963000"
"10132","Pinjaman Cepat","cn.com.jmc.PinjamanCepat","android.graphics.drawable.BitmapDrawable@d338fe","-9.536743164e-07","-9.536743164e-07","-1.9073486328e-06","1544075507647","1479552730000"
"10809","yesHEis","com.cvcnetwork.yesheis.v2","android.graphics.drawable.BitmapDrawable@402518f","0.0","0.0","0.0","1537717850393","1230739200000"
"10372","com.mediatek.ims.ImsApp","com.mediatek.ims","android.graphics.drawable.BitmapDrawable@3f4b430","-9.536743164e-07","-9.536743164e-07","-1.9073486328e-06","1523450926000","1230739200000"
"10387","Perfdump","com.qualcomm.qti.perfdump","android.graphics.drawable.BitmapDrawable@d483276","-9.536743164e-07","-9.536743164e-07","-1.9073486328e-06","1230739200000","1492699542000"
"10632","Video screensaver","com.oppo.daydreamvideo","android.graphics.drawable.BitmapDrawable@69a7e8b","0.0","0.0","0.0","1479552738000","1468764606000"
"10920","Google","com.google.android.googlequicksearchbox","android.graphics.drawable.BitmapDrawable@76af83e","-9.536743164e-07","-9.536743164e-07","-1.9073486328e-06","1497018132000","1521176709249"
"1000","Android Services Library","com.google.android.ext.services","android.graphics.drawable.AdaptiveIconDrawable@1d4c8b4","-9.536743164e-07","-9.536743164e-07","-1.9073486328e-06","1230739200000","1554997194227"
"10196","com.android.cts.priv.ctsshim","com.android.cts.priv.ctsshim","android.graphics.drawable.BitmapDrawable@48c977d","-9.536743164e-07","-9.536743164e-07","-1.9073486328e-06","1230739200000","1230735600000"
"10533","Radio FM","com.miui.fm","android.graphics.drawable.BitmapDrawable@9a76372","0.0","0.0","0.0","1473753731000","1544170647191"
"10840","TouchPal Indonesian Pack","com.cootek.smartinputv5.language.indonesian","android.graphics.drawable.BitmapDrawable@bf92dc7","0.0","0.0","0.0","1230739200000","1476190476000"
"10273","Pencatatan QTI","com.qualcomm.qti.RIDL","android.graphics.drawable.BitmapDrawable@1f16020","-9.536743164e-07","-9.536743164e-07","-1.9073486328e-06","1230739200000","1484185417000"
"10985","Google Play Store","com.android.vending","android.graphics.drawable.BitmapDrawable@3fbc73b","-9.536743164e-07","-9.536743164e-07","-1.9073486328e-06","1523450926000","1524397858164"
"10970","Penginstal sertifikat","com.android.certinstaller","android.graphics.drawable.BitmapDrawable@1594403a","0.0","0.0","0.0","1443848714000","1230735600000"
"10881","BIG Agent","com.ralali.bigagent.android","android.graphics.drawable.BitmapDrawable@32f671b","-9.536743164e-07","-9.536743164e-07","-1.9073486328e-06","1554997194227","1473753731000"
"10512","TouchPal SkinPack ViVo","com.cootek.smartinputv5.skin.keyboard_vivo","android.graphics.drawable.BitmapDrawable@d92fa01","0.0","0.0","0.0","1230739200000","1562264739000"
"10317","SchoolLifeSimulator","com.tttery.SchoolLifeSimulator","android.graphics.drawable.BitmapDrawable@5758fe5","0.0","0.0","0.0","1523006838252","1497018132000"
"10799","Airline Commander","it.rortos.realflight","android.graphics.drawable.BitmapDrawable@c600b65","-9.536743164e-07","-9.536743164e-07","-1.9073486328e-06","1555253041238","1491935407000"
"10032","Print Service Recommendation Service","com.google.android.printservice.recommendation","android.graphics.drawable.AdaptiveIconDrawable@cc0cf00","-9.536743164e-07","-9.536743164e-07","-1.9073486328e-06","1230739200000","1230739200000"
"10243","Kompas","com.miui.compass","android.graphics.drawable.BitmapDrawable@fe13d1b","-9.536743164e-07","-9.536743164e-07","-1.9073486328e-06","1230739200000","1479331981000"
"10191","com.miui.miwallpaper","com.miui.miwallpaper","android.graphics.drawable.AdaptiveIconDrawable@9d08958","-9.536743164e-07","-9.536743164e-07","-1.9073486328e-06","1230739200000","1444478394000"
"10596","Analytics","com.miui.analytics","android.graphics.drawable.BitmapDrawable@d97abce","0.0","0.0","0.0","1492944478000","1461136133000"
"10212","B612","com.linecorp.b612.android","android.graphics.drawable.BitmapDrawable@f31d9ea","-9.536743164e-07","-9.536743164e-07","-1.9073486328e-06","1528078475444","1461731632000"
"10649","Penyimpanan Ponsel/Pesan","com.android.providers.telephony","android.graphics.drawable.BitmapDrawable@ba66b73","-9.536743164e-07","-9.536743164e-07","-1.9073486328e-06","1230739200000","1230739200000"
"10001","Calculator","com.android.bbkcalculator","android.graphics.drawable.BitmapDrawable@10ded82","-9.536743164e-07","-9.536743164e-07","-1.9073486328e-06","1230739200000","1544075507647"
"1000","Filter Provider","com.samsung.android.provider.filterprovider","android.graphics.drawable.BitmapDrawable@ebedac2","-9.536743164e-07","-9.536743164e-07","-1.9073486328e-06","1230735600000","1230739200000"
"10541","Android Accessibility Suite","com.google.android.marvin.talkback","android.graphics.drawable.BitmapDrawable@5f76a6d","-9.536743164e-07","-9.536743164e-07","-1.9073486328e-06","1230739200000","1230739200000"
"10647","ProxyHandler","com.android.proxyhandler","android.graphics.drawable.BitmapDrawable@a79eb37","0.0","0.0","0.0","1476190476000","1547122958726"
"10686","com.qrd.omadownload","com.qrd.omadownload","android.graphics.drawable.BitmapDrawable@c6a1996","0.0","0.0","0.0","1451653302000","1230739200000"
